,0,1,2,3,4,5,6,7,8,9,10,11,12,13,14,15,16,17,18,19
../data/Amplicon sequence result_HUDEP2_12232019/ERY12/CRISPResso_on_55_S48_L001_R1_001_55_S48_L001_R2_001/Alleles_frequency_table_around_sgRNA_CTAATGCCCAGCACGGGCCA.txt,,,0.16100541797580464,0.36315281660523,,,,,,0.12785433314366296,,,,,,,,,,
../data/Amplicon sequence result_HUDEP2_12232019/ERY12/CRISPResso_on_18_S18_L001_R1_001_18_S18_L001_R2_001/Alleles_frequency_table_around_sgRNA_CTAATGCCCAGCACGGGCCA.txt,,,0.1723292007385914,0.3692429438142971,,,,,,0.1251648641519388,,,,,,,,,,
../data/Amplicon sequence result_HUDEP2_12232019/ERY12/CRISPResso_on_56_S49_L001_R1_001_56_S49_L001_R2_001/Alleles_frequency_table_around_sgRNA_CTAATGCCCAGCACGGGCCA.txt,,,0.14777531709281255,0.3603209755816964,,,,,,0.13540797837153787,,,,,,,,,,
../data/Amplicon sequence result_HUDEP2_12232019/ERY12/CRISPResso_on_16_S16_L001_R1_001_16_S16_L001_R2_001/Alleles_frequency_table_around_sgRNA_CTAATGCCCAGCACGGGCCA.txt,,,0.16500110546097724,0.364227282776918,,,,,,0.13185938536369665,,,,,,,,,,
../data/Amplicon sequence result_HUDEP2_12232019/ERY12/CRISPResso_on_17_S17_L001_R1_001_17_S17_L001_R2_001/Alleles_frequency_table_around_sgRNA_CTAATGCCCAGCACGGGCCA.txt,,,0.16902020918682625,0.3600347881811732,,,,,,0.13301901906483876,,,,,,,,,,
../data/Amplicon sequence result_HUDEP2_12232019/29-2ND/CRISPResso_on_32_S29_L001_R1_001_32_S29_L001_R2_001/Alleles_frequency_table_around_sgRNA_TGGCCAGTCTTAGCAGCGGC.txt,,,,,,0.9390771449170872,,,,,,,,,,,,,,
../data/Amplicon sequence result_HUDEP2_12232019/29-2ND/CRISPResso_on_31_S28_L001_R1_001_31_S28_L001_R2_001/Alleles_frequency_table_around_sgRNA_TGGCCAGTCTTAGCAGCGGC.txt,,,,,,0.9460419819701256,,,,,,,,,,,,,,
../data/Amplicon sequence result_HUDEP2_12232019/29-2ND/CRISPResso_on_61_S54_L001_R1_001_61_S54_L001_R2_001/Alleles_frequency_table_around_sgRNA_TGGCCAGTCTTAGCAGCGGC.txt,,,,,,0.94415845313579,,,,,,,,,,,,,,
../data/Amplicon sequence result_HUDEP2_12232019/29-2ND/CRISPResso_on_62_S55_L001_R1_001_62_S55_L001_R2_001/Alleles_frequency_table_around_sgRNA_TGGCCAGTCTTAGCAGCGGC.txt,,,,,,0.9445713311743652,,,,,,,,,,,,,,
../data/Amplicon sequence result_HUDEP2_12232019/A4/CRISPResso_on_11_S11_L001_R1_001_11_S11_L001_R2_001/Alleles_frequency_table_around_sgRNA_TATCAGTGTGCACTCAAAGC.txt,,,,,0.9708737864077671,,,,,,,0.015990862364363218,,,,,,,,
../data/Amplicon sequence result_HUDEP2_12232019/A4/CRISPResso_on_10_S10_L001_R1_001_10_S10_L001_R2_001/Alleles_frequency_table_around_sgRNA_TATCAGTGTGCACTCAAAGC.txt,,,,,0.9730321539702662,,,,,,,0.01717183358303561,,,,,,,,
../data/Amplicon sequence result_HUDEP2_12232019/A4/CRISPResso_on_53_S46_L001_R1_001_53_S46_L001_R2_001/Alleles_frequency_table_around_sgRNA_TATCAGTGTGCACTCAAAGC.txt,,,,,0.9496480133635604,,,,,,,0.011812432883904071,,,,,,,,
../data/Amplicon sequence result_HUDEP2_12232019/A4/CRISPResso_on_54_S47_L001_R1_001_54_S47_L001_R2_001/Alleles_frequency_table_around_sgRNA_TATCAGTGTGCACTCAAAGC.txt,,,,,0.9529117379435852,,,,,,,0.011828935395814377,,,,,,,,
../data/Amplicon sequence result_HUDEP2_12232019/ERY6/CRISPResso_on_71_S64_L001_R1_001_71_S64_L001_R2_001/Alleles_frequency_table_around_sgRNA_TGGTGGTGAAATAAGTCACT.txt,,,,,,,,,0.08823718360529359,0.03465887190029551,0.03877039701914429,,0.011724270846717205,,,,,,,
../data/Amplicon sequence result_HUDEP2_12232019/ERY6/CRISPResso_on_72_S65_L001_R1_001_72_S65_L001_R2_001/Alleles_frequency_table_around_sgRNA_TGGTGGTGAAATAAGTCACT.txt,,,,,,,,,0.07889886785829213,0.03858643185209022,0.03829388877512214,,0.012228300617265892,,,,,,,
../data/Amplicon sequence result_HUDEP2_12232019/A2/CRISPResso_on_51_S44_L001_R1_001_51_S44_L001_R2_001/Alleles_frequency_table_around_sgRNA_GCACTGTAACAAGCTGCACG.txt,,,0.1418602173449819,,,,,0.3342211804815683,0.042190496484125296,,0.017606008949499253,,,,,,,,,
../data/Amplicon sequence result_HUDEP2_12232019/A2/CRISPResso_on_52_S45_L001_R1_001_52_S45_L001_R2_001/Alleles_frequency_table_around_sgRNA_GCACTGTAACAAGCTGCACG.txt,,,0.14979837213329705,,,,,0.3313624106281388,0.04215630489102199,,0.01667450087825635,,,,,,,,,
../data/Amplicon sequence result_HUDEP2_12232019/A2/CRISPResso_on_8_S8_L001_R1_001_8_S8_L001_R2_001/Alleles_frequency_table_around_sgRNA_GCACTGTAACAAGCTGCACG.txt,,,0.13963659638018702,,,,,0.3148668349749316,0.03779824343064396,,0.013476513885431855,,,,,,,,,
../data/Amplicon sequence result_HUDEP2_12232019/A2/CRISPResso_on_7_S7_L001_R1_001_7_S7_L001_R2_001/Alleles_frequency_table_around_sgRNA_GCACTGTAACAAGCTGCACG.txt,,,0.13179208334917678,,,,,0.3094033993687973,0.03585687668732651,,0.01498155823415339,,,,,,,,,
../data/Amplicon sequence result_HUDEP2_12232019/ERY7/CRISPResso_on_57_S50_L001_R1_001_57_S50_L001_R2_001/Alleles_frequency_table_around_sgRNA_CCCGGACATGAGAAAGGGCG.txt,,,,,,0.7118644067796609,,,,,,,,,,,,,,
../data/Amplicon sequence result_HUDEP2_12232019/ERY7/CRISPResso_on_58_S51_L001_R1_001_58_S51_L001_R2_001/Alleles_frequency_table_around_sgRNA_CCCGGACATGAGAAAGGGCG.txt,,,,,,0.5492957746478874,,0.014084507042253518,,,,,,,,,,,,
../data/Amplicon sequence result_HUDEP2_12232019/ERY8/CRISPResso_on_23_S23_L001_R1_001_23_S23_L001_R2_001/Alleles_frequency_table_around_sgRNA_ATAGCTGGCACAGTGGGGAG.txt,0.012643638014739271,,0.6636862142433028,,,,,,,0.3664210121895847,,0.029583318780342982,,,,,,,,
../data/Amplicon sequence result_HUDEP2_12232019/ERY8/CRISPResso_on_22_S22_L001_R1_001_22_S22_L001_R2_001/Alleles_frequency_table_around_sgRNA_ATAGCTGGCACAGTGGGGAG.txt,0.012307363013698629,,0.655179794520548,,,,,,,0.3634061073059361,,0.029073915525114163,,,,,,,,
../data/Amplicon sequence result_HUDEP2_12232019/A19/CRISPResso_on_40_S34_L001_R1_001_40_S34_L001_R2_001/Alleles_frequency_table_around_sgRNA_CCCGAGCGCAGCCGCGGGCT.txt,,,,,0.16237924062008538,,,,,0.02330936868119524,,,,,,,,,,
../data/Amplicon sequence result_HUDEP2_12232019/A19/CRISPResso_on_41_S35_L001_R1_001_41_S35_L001_R2_001/Alleles_frequency_table_around_sgRNA_CCCGAGCGCAGCCGCGGGCT.txt,,,,,0.17196010468982104,,,,,0.021220909669661173,,,,,,,,,,
../data/Amplicon sequence result_HUDEP2_12232019/A19/CRISPResso_on_65_S58_L001_R1_001_65_S58_L001_R2_001/Alleles_frequency_table_around_sgRNA_CCCGAGCGCAGCCGCGGGCT.txt,,,,,0.1588620820668693,,,,,0.02056420972644377,,,,,,,,,,
../data/Amplicon sequence result_HUDEP2_12232019/A19/CRISPResso_on_66_S59_L001_R1_001_66_S59_L001_R2_001/Alleles_frequency_table_around_sgRNA_CCCGAGCGCAGCCGCGGGCT.txt,,,,,0.15783436568020187,,,,,0.01908694654737325,,,,,,,,,,
../data/Amplicon sequence result_HUDEP2_12232019/ERY3/CRISPResso_on_4_S4_L001_R1_001_4_S4_L001_R2_001/Alleles_frequency_table_around_sgRNA_TACTCATGGTCTATCTCTCC.txt,,0.015037593984962403,,,,0.9974937343358397,,,,,,,,,,,,,,
../data/Amplicon sequence result_HUDEP2_12232019/ERY3/CRISPResso_on_5_S5_L001_R1_001_5_S5_L001_R2_001/Alleles_frequency_table_around_sgRNA_TACTCATGGTCTATCTCTCC.txt,,,,,,1.0,,,,,,,,,,,,,,
../data/Amplicon sequence result_HUDEP2_12232019/ERY4/CRISPResso_on_70_S63_L001_R1_001_70_S63_L001_R2_001/Alleles_frequency_table_around_sgRNA_CCACCTGATAGCTGGCACAG.txt,,,0.6945591338654923,,,,,0.326773098449399,,0.06573997614460042,,,,,,,,,,
../data/Amplicon sequence result_HUDEP2_12232019/ERY4/CRISPResso_on_69_S62_L001_R1_001_69_S62_L001_R2_001/Alleles_frequency_table_around_sgRNA_CCACCTGATAGCTGGCACAG.txt,,,0.7159315043930429,,,,,0.3395642818719742,,0.0770575578267886,,,,,,,,,,
../data/Amplicon sequence result_HUDEP2_12232019/ERY11/CRISPResso_on_46_S39_L001_R1_001_46_S39_L001_R2_001/Alleles_frequency_table_around_sgRNA_GCCTCTGATAAGGCAAAGCA.txt,,,,,,,,0.2355239170066846,,0.08221199756923345,0.010417570969702231,,,,,,,,,
../data/Amplicon sequence result_HUDEP2_12232019/ERY11/CRISPResso_on_47_S40_L001_R1_001_47_S40_L001_R2_001/Alleles_frequency_table_around_sgRNA_GCCTCTGATAAGGCAAAGCA.txt,,,,,,,,0.2408618220312597,,0.09203561865620524,,,,,,,,,,
../data/Amplicon sequence result_HUDEP2_12232019/11-2nd/CRISPResso_on_2_S2_L001_R1_001_2_S2_L001_R2_001/Alleles_frequency_table_around_sgRNA_TATCTGAATGACAAGCTGGT.txt,,,,,,,0.5053035143769968,0.4433226837060703,,,0.019808306709265176,,,,,,,,,
../data/Amplicon sequence result_HUDEP2_12232019/11-2nd/CRISPResso_on_49_S42_L001_R1_001_49_S42_L001_R2_001/Alleles_frequency_table_around_sgRNA_TATCTGAATGACAAGCTGGT.txt,,,,,,,0.4837990013810688,0.4358865398916392,,,0.01901625411664719,,,,,,,,,
../data/Amplicon sequence result_HUDEP2_12232019/11-2nd/CRISPResso_on_50_S43_L001_R1_001_50_S43_L001_R2_001/Alleles_frequency_table_around_sgRNA_TATCTGAATGACAAGCTGGT.txt,,,,,,,0.4808473199783432,0.4124255549539794,,,0.0226042230644288,,,,,,,,,
../data/Amplicon sequence result_HUDEP2_12232019/11-2nd/CRISPResso_on_1_S1_L001_R1_001_1_S1_L001_R2_001/Alleles_frequency_table_around_sgRNA_TATCTGAATGACAAGCTGGT.txt,,,,,,,0.5012057132257466,0.4485253199777407,,,0.021795585234650344,,,,,,,,,
../data/Amplicon sequence result_HUDEP2_12232019/25-2ND/CRISPResso_on_28_S25_L001_R1_001_28_S25_L001_R2_001/Alleles_frequency_table_around_sgRNA_GACTCAGAGCGACTGAGAAG.txt,,0.026294926004228333,,,,0.8006959126145172,,0.3465909090909091,,,,,,,,,,,,
../data/Amplicon sequence result_HUDEP2_12232019/25-2ND/CRISPResso_on_29_S26_L001_R1_001_29_S26_L001_R2_001/Alleles_frequency_table_around_sgRNA_GACTCAGAGCGACTGAGAAG.txt,,0.026143790849673203,,,,0.7993324989570296,,0.3433922032169842,,,,,,,,,,,,
../data/Amplicon sequence result_HUDEP2_12232019/25-2ND/CRISPResso_on_60_S53_L001_R1_001_60_S53_L001_R2_001/Alleles_frequency_table_around_sgRNA_GACTCAGAGCGACTGAGAAG.txt,,0.02484127783936309,,,,0.792199939534415,,0.3638012697772851,,,,,,,,,,,,
../data/Amplicon sequence result_HUDEP2_12232019/25-2ND/CRISPResso_on_59_S52_L001_R1_001_59_S52_L001_R2_001/Alleles_frequency_table_around_sgRNA_GACTCAGAGCGACTGAGAAG.txt,,0.026907909997680352,,,,0.7932034330781721,,0.3564524858888116,,,,,,,,,,,,
../data/Amplicon sequence result_HUDEP2_12232019/ERY10/CRISPResso_on_43_S37_L001_R1_001_43_S37_L001_R2_001/Alleles_frequency_table_around_sgRNA_GCAAAGCAAGGCAAGGCGGC.txt,,,0.11691908264820425,0.09675465166594548,0.6921678926871484,,,0.048463868455214186,0.014279532669839896,,,,,,,,,,,
../data/Amplicon sequence result_HUDEP2_12232019/ERY10/CRISPResso_on_44_S38_L001_R1_001_44_S38_L001_R2_001/Alleles_frequency_table_around_sgRNA_GCAAAGCAAGGCAAGGCGGC.txt,,,0.13959668594653746,0.103121254754833,0.7287270074514095,,,0.058464905424417686,0.018758793184305143,,,,,,,,,,,
../data/Amplicon sequence result_HUDEP2_12232019/A8/CRISPResso_on_63_S56_L001_R1_001_63_S56_L001_R2_001/Alleles_frequency_table_around_sgRNA_GGGTCCTACGTTAGAGTAGG.txt,,,,,,,,0.6643434625034849,,,,,,,,,,,,
../data/Amplicon sequence result_HUDEP2_12232019/A8/CRISPResso_on_34_S31_L001_R1_001_34_S31_L001_R2_001/Alleles_frequency_table_around_sgRNA_GGGTCCTACGTTAGAGTAGG.txt,,,,,,,,0.7084116050928825,,,,,0.016697975370486333,,,,,,,
../data/Amplicon sequence result_HUDEP2_12232019/A8/CRISPResso_on_35_S32_L001_R1_001_35_S32_L001_R2_001/Alleles_frequency_table_around_sgRNA_GGGTCCTACGTTAGAGTAGG.txt,,,,,,,,0.7443192667557762,,,,,0.0145121252625549,,,,,,,
../data/Amplicon sequence result_HUDEP2_12232019/A8/CRISPResso_on_64_S57_L001_R1_001_64_S57_L001_R2_001/Alleles_frequency_table_around_sgRNA_GGGTCCTACGTTAGAGTAGG.txt,,,,,,,,0.6742366412213741,,,,,,,,,,,,
../data/hudep2 BE editing amplicon result/2_2nd/CRISPResso_on_HUDEP2_2_R2/Alleles_frequency_table_around_sgRNA_CTCCCAGGAGCAGGGAGGGC.txt,,,,,,0.9189863697446726,,,0.09425993472835477,,,,,,,,,,,
../data/hudep2 BE editing amplicon result/2_2nd/CRISPResso_on_HUDEP2_2_R1/Alleles_frequency_table_around_sgRNA_CTCCCAGGAGCAGGGAGGGC.txt,,,,,,0.9163335997868371,,,0.0826005861977085,,,,,,,,,,,
../data/hudep2 BE editing amplicon result/2_2nd/CRISPResso_on_HUDEP2_2_R3/Alleles_frequency_table_around_sgRNA_CTCCCAGGAGCAGGGAGGGC.txt,,,,,,0.792952745151598,,,0.04862059546571975,,,,,,,,,,,
../data/hudep2 BE editing amplicon result/2_2nd/CRISPResso_on_HUDEP2_2_R4/Alleles_frequency_table_around_sgRNA_CTCCCAGGAGCAGGGAGGGC.txt,,,,,,0.6494496189669772,,,0.027377928309342364,,,,,,,,,,,
../data/hudep2 BE editing amplicon result/1_2nd/CRISPResso_on_HUDEP2_1_R2/Alleles_frequency_table_around_sgRNA_CAGGGAGGCTGGGAGGCGGG.txt,,0.02210193955796121,,,,0.6680198466396031,,,,,,,,,,,,,,
../data/hudep2 BE editing amplicon result/1_2nd/CRISPResso_on_HUDEP2_1_R4/Alleles_frequency_table_around_sgRNA_CAGGGAGGCTGGGAGGCGGG.txt,,0.04218066056506168,,,,0.7286112216474333,,,,,,,,,,,,,,
../data/hudep2 BE editing amplicon result/1_2nd/CRISPResso_on_HUDEP2_1_R3/Alleles_frequency_table_around_sgRNA_CAGGGAGGCTGGGAGGCGGG.txt,,0.01172909572455543,,,,0.8626560726447219,,,,,,,,,,,,,,
../data/hudep2 BE editing amplicon result/1_2nd/CRISPResso_on_HUDEP2_1_R1/Alleles_frequency_table_around_sgRNA_CAGGGAGGCTGGGAGGCGGG.txt,,0.032929974211465984,,,,0.5744891886530451,,,,,,,,,,,,,,
../data/hudep2 BE editing amplicon result/27_2nd/CRISPResso_on_HUDEP2_27_R4/Alleles_frequency_table_around_sgRNA_CGCCGCCAGGGGTGAGAGGG.txt,,,,,,,,0.18865559385772485,,,,,,,,,,,,
../data/hudep2 BE editing amplicon result/27_2nd/CRISPResso_on_HUDEP2_27_R2/Alleles_frequency_table_around_sgRNA_CGCCGCCAGGGGTGAGAGGG.txt,,,,,,,,0.3777194877333745,,,,,,,,,,,,
../data/hudep2 BE editing amplicon result/27_2nd/CRISPResso_on_HUDEP2_27_R3/Alleles_frequency_table_around_sgRNA_CGCCGCCAGGGGTGAGAGGG.txt,,,,,,,,0.2237093690248566,,,,,,,,,,,,
../data/hudep2 BE editing amplicon result/27_2nd/CRISPResso_on_HUDEP2_27_R1/Alleles_frequency_table_around_sgRNA_CGCCGCCAGGGGTGAGAGGG.txt,,,,,,,,0.3646329837940896,,,,,,,,,,,,
../data/hudep2 BE editing amplicon result/A16/CRISPResso_on_HUDEP2_A16_R1/Alleles_frequency_table_around_sgRNA_CTCACTGTGTCCTCACCGGG.txt,,,,0.8264196536447845,,,,,,,,,,,,,,,,
../data/hudep2 BE editing amplicon result/A16/CRISPResso_on_HUDEP2_A16_R2/Alleles_frequency_table_around_sgRNA_CTCACTGTGTCCTCACCGGG.txt,,,,0.8291377601585729,,,,,,,,,,,,,,,,
../data/hudep2 BE editing amplicon result/A16/CRISPResso_on_HUDEP2_A16_R3/Alleles_frequency_table_around_sgRNA_CTCACTGTGTCCTCACCGGG.txt,,,,0.5698655307775828,,,,,,,,,,,,,,,,
../data/hudep2 BE editing amplicon result/ERY-6/CRISPResso_on_32_S32_L001_R1_001_32_S32_L001_R2_001/Alleles_frequency_table_around_sgRNA_TGGTGGTGAAATAAGTCACT.txt,,,,,,,,,0.07874015748031496,0.029246344206974133,0.03937007874015748,,,,,,,,,
../data/hudep2 BE editing amplicon result/ERY-6/CRISPResso_on_31_S31_L001_R1_001_31_S31_L001_R2_001/Alleles_frequency_table_around_sgRNA_TGGTGGTGAAATAAGTCACT.txt,,,,,,,,,0.0625,0.032327586206896554,0.028017241379310345,,0.010775862068965518,,,,,,,
../data/hudep2 BE editing amplicon result/ERY-8/CRISPResso_on_38_S38_L001_R1_001_38_S38_L001_R2_001/Alleles_frequency_table_around_sgRNA_ATAGCTGGCACAGTGGGGAG.txt,,,0.5495798319327732,,,,,,,0.17983193277310924,,0.017647058823529408,,,,,,,,
../data/hudep2 BE editing amplicon result/ERY-8/CRISPResso_on_37_S37_L001_R1_001_37_S37_L001_R2_001/Alleles_frequency_table_around_sgRNA_ATAGCTGGCACAGTGGGGAG.txt,,,0.5511860174781523,,,,,,,0.17915106117353308,,0.016229712858926344,,,,,,,,
../data/hudep2 BE editing amplicon result/ERY-5/CRISPResso_on_28_S28_L001_R1_001_28_S28_L001_R2_001/Alleles_frequency_table_around_sgRNA_CTAGAGCCCTGGCAGCCTAT.txt,,,0.06479156202913107,,0.3636363636363637,,,,,,,,,,,,,,,
../data/hudep2 BE editing amplicon result/ERY-5/CRISPResso_on_29_S29_L001_R1_001_29_S29_L001_R2_001/Alleles_frequency_table_around_sgRNA_CTAGAGCCCTGGCAGCCTAT.txt,,,0.06718346253229975,,0.4065460809646856,,,,,,,,,,,,,,,
../data/hudep2 BE editing amplicon result/ERY-4/CRISPResso_on_25_S25_L001_R1_001_25_S25_L001_R2_001/Alleles_frequency_table_around_sgRNA_CCACCTGATAGCTGGCACAG.txt,,,0.6468899521531101,,,,,0.3215311004784689,,0.0985645933014354,,,,,,,,,,
../data/hudep2 BE editing amplicon result/ERY-4/CRISPResso_on_26_S26_L001_R1_001_26_S26_L001_R2_001/Alleles_frequency_table_around_sgRNA_CCACCTGATAGCTGGCACAG.txt,,,0.6932126696832579,,,,,0.3457013574660633,,0.08597285067873303,,,,,,,,,,
../data/hudep2 BE editing amplicon result/ERY-11/CRISPResso_on_47_S47_L001_R1_001_47_S47_L001_R2_001/Alleles_frequency_table_around_sgRNA_GCCTCTGATAAGGCAAAGCA.txt,,,,,,,,0.2490118577075099,,0.1067193675889328,0.023715415019762844,,,,,,,,,
../data/hudep2 BE editing amplicon result/ERY-11/CRISPResso_on_46_S46_L001_R1_001_46_S46_L001_R2_001/Alleles_frequency_table_around_sgRNA_GCCTCTGATAAGGCAAAGCA.txt,,,,,,,,0.22872340425531915,,0.06914893617021277,0.015957446808510637,,,,,,,,,
../data/hudep2 BE editing amplicon result/ERY-3/CRISPResso_on_23_S23_L001_R1_001_23_S23_L001_R2_001/Alleles_frequency_table_around_sgRNA_TACTCATGGTCTATCTCTCC.txt,,0.020512820512820516,,,,0.9871794871794872,,,,,,,,,,,,,,
../data/hudep2 BE editing amplicon result/ERY-3/CRISPResso_on_22_S22_L001_R1_001_22_S22_L001_R2_001/Alleles_frequency_table_around_sgRNA_TACTCATGGTCTATCTCTCC.txt,,0.021834061135371174,,,,1.0,,,,,,,,,,,,,,
../data/hudep2 BE editing amplicon result/ERY-10/CRISPResso_on_43_S43_L001_R1_001_43_S43_L001_R2_001/Alleles_frequency_table_around_sgRNA_GCAAAGCAAGGCAAGGCGGC.txt,,,0.11692307692307692,0.08153846153846153,0.66,,,0.04,,,,,,,,,,,,
../data/hudep2 BE editing amplicon result/ERY-10/CRISPResso_on_44_S44_L001_R1_001_44_S44_L001_R2_001/Alleles_frequency_table_around_sgRNA_GCAAAGCAAGGCAAGGCGGC.txt,,,0.13561470215462612,0.10266159695817492,0.6970849176172371,,,0.06337135614702155,0.012674271229404307,,,,,,,,,,,
../data/hudep2 BE editing amplicon result/A1/CRISPResso_on_HUDEP2_A1_R2/Alleles_frequency_table_around_sgRNA_TCTACTCCCAGGAGCAGGGA.txt,,,,0.9426674713337356,,,,,,0.09092737879702273,,,,,,,,,,
../data/hudep2 BE editing amplicon result/A1/CRISPResso_on_HUDEP2_A1_R1/Alleles_frequency_table_around_sgRNA_TCTACTCCCAGGAGCAGGGA.txt,,,,0.9803268765133172,,,,,,0.08323244552058111,,,,,,,,,,
../data/hudep2 BE editing amplicon result/A1/CRISPResso_on_HUDEP2_A1_R3/Alleles_frequency_table_around_sgRNA_TCTACTCCCAGGAGCAGGGA.txt,,,,0.9796282149223324,,,,,,0.05755029284441049,,,,,,,,,,
../data/hudep2 BE editing amplicon result/A1/CRISPResso_on_HUDEP2_A1_R4/Alleles_frequency_table_around_sgRNA_TCTACTCCCAGGAGCAGGGA.txt,,,,0.969171185127808,,,,,,0.04492641363284276,,,,,,,,,,
../data/hudep2 BE editing amplicon result/30_2nd/CRISPResso_on_HUDEP2_30_R4/Alleles_frequency_table_around_sgRNA_CACAGGCTCCAGGAAGGGTT.txt,,0.019844573966139332,,0.3234804329725229,,,,,,,0.01845684152095476,,,,,,,,,
../data/hudep2 BE editing amplicon result/30_2nd/CRISPResso_on_HUDEP2_30_R1/Alleles_frequency_table_around_sgRNA_CACAGGCTCCAGGAAGGGTT.txt,,0.037945395650161966,,0.5305414160111059,,,,,,,0.026608051827857474,,,,,,,,,
../data/hudep2 BE editing amplicon result/30_2nd/CRISPResso_on_HUDEP2_30_R3/Alleles_frequency_table_around_sgRNA_CACAGGCTCCAGGAAGGGTT.txt,,0.019735366674142184,,0.3747477012783135,,,,,,,0.0141287284144427,,,,,,,,,
../data/hudep2 BE editing amplicon result/30_2nd/CRISPResso_on_HUDEP2_30_R2/Alleles_frequency_table_around_sgRNA_CACAGGCTCCAGGAAGGGTT.txt,,0.029609901300329,,0.6258812470625098,,,,,,,0.02318658937803541,,,,,,,,,
../data/hudep2 BE editing amplicon result/A17/CRISPResso_on_HUDEP2_A17_R1/Alleles_frequency_table_around_sgRNA_TCACCGGGAGGAAAGAGAAA.txt,,,0.11648877438351125,,,,,,0.2270887007729113,,,0.015458225984541775,,,,,,,,
../data/hudep2 BE editing amplicon result/A17/CRISPResso_on_HUDEP2_A17_R2/Alleles_frequency_table_around_sgRNA_TCACCGGGAGGAAAGAGAAA.txt,,,0.11839788732394366,,,,,,0.2304451710261569,,,0.014084507042253518,,,,,,,,
../data/hudep2 BE editing amplicon result/A17/CRISPResso_on_HUDEP2_A17_R3/Alleles_frequency_table_around_sgRNA_TCACCGGGAGGAAAGAGAAA.txt,,,0.04111584136231235,,,,,,0.09892449025319293,,,,,,,,,,,
../data/hudep2 BE editing amplicon result/18_2nd/CRISPResso_on_HUDEP2_18_R2/Alleles_frequency_table_around_sgRNA_GCAGAGAACTGAGTAAGTGA.txt,,,0.07245681381957772,,0.9251439539347408,,0.6057261676263596,0.4115483045425464,,,,,,,,,,,,
../data/hudep2 BE editing amplicon result/18_2nd/CRISPResso_on_HUDEP2_18_R3/Alleles_frequency_table_around_sgRNA_GCAGAGAACTGAGTAAGTGA.txt,,,0.062314540059347175,,0.862182657434883,,0.5710517639301023,0.3241015496208375,,,,0.010880316518298714,,,,,,,,
../data/hudep2 BE editing amplicon result/18_2nd/CRISPResso_on_HUDEP2_18_R4/Alleles_frequency_table_around_sgRNA_GCAGAGAACTGAGTAAGTGA.txt,,,0.07243816254416961,,0.7780477031802121,,0.5090547703180212,0.2789310954063604,,,,,,,,,,,,
../data/hudep2 BE editing amplicon result/18_2nd/CRISPResso_on_HUDEP2_18_R1/Alleles_frequency_table_around_sgRNA_GCAGAGAACTGAGTAAGTGA.txt,,,0.07774950523042126,,0.9120723777212328,,0.6087079445858071,0.4148996324568844,,,,,,,,,,,,
